[
	{
		"id": "paris",
		"name": "Paris",
		"country": "FR",
		"timezone": "Europe/Paris",
		"label": "CET/CEST",
		"coordinates": {
			"lat": 48.8566,
			"lng": 2.3522
		}
	},
	{
		"id": "lyon",
		"name": "Lyon",
		"country": "FR",
		"timezone": "Europe/Paris",
		"label": "CET/CEST",
		"coordinates": {
			"lat": 45.764,
			"lng": 4.8357
		}
	},
	{
		"id": "marseille",
		"name": "Marseille",
		"country": "FR",
		"timezone": "Europe/Paris",
		"label": "CET/CEST",
		"coordinates": {
			"lat": 43.2965,
			"lng": 5.3698
		}
	},
	{
		"id": "toulouse",
		"name": "Toulouse",
		"country": "FR",
		"timezone": "Europe/Paris",
		"label": "CET/CEST",
		"coordinates": {
			"lat": 43.6047,
			"lng": 1.4442
		}
	},
	{
		"id": "nice",
		"name": "Nice",
		"country": "FR",
		"timezone": "Europe/Paris",
		"label": "CET/CEST",
		"coordinates": {
			"lat": 43.7102,
			"lng": 7.2620
		}
	},
	{
		"id": "nantes",
		"name": "Nantes",
		"country": "FR",
		"timezone": "Europe/Paris",
		"label": "CET/CEST",
		"coordinates": {
			"lat": 47.2184,
			"lng": -1.5536
		}
	},
	{
		"id": "strasbourg",
		"name": "Strasbourg",
		"country": "FR",
		"timezone": "Europe/Paris",
		"label": "CET/CEST",
		"coordinates": {
			"lat": 48.5734,
			"lng": 7.7521
		}
	},
	{
		"id": "bordeaux",
		"name": "Bordeaux",
		"country": "FR",
		"timezone": "Europe/Paris",
		"label": "CET/CEST",
		"coordinates": {
			"lat": 44.8378,
			"lng": -0.5792
		}
	},
	{
		"id": "lille",
		"name": "Lille",
		"country": "FR",
		"timezone": "Europe/Paris",
		"label": "CET/CEST",
		"coordinates": {
			"lat": 50.6292,
			"lng": 3.0573
		}
	},
	{
		"id": "rennes",
		"name": "Rennes",
		"country": "FR",
		"timezone": "Europe/Paris",
		"label": "CET/CEST",
		"coordinates": {
			"lat": 48.1173,
			"lng": -1.6778
		}
	},
	{
		"id": "reims",
		"name": "Reims",
		"country": "FR",
		"timezone": "Europe/Paris",
		"label": "CET/CEST",
		"coordinates": {
			"lat": 49.2583,
			"lng": 4.0317
		}
	},
	{
		"id": "saint-etienne",
		"name": "Saint-Étienne",
		"country": "FR",
		"timezone": "Europe/Paris",
		"label": "CET/CEST",
		"coordinates": {
			"lat": 45.4397,
			"lng": 4.3872
		}
	},
	{
		"id": "toulon",
		"name": "Toulon",
		"country": "FR",
		"timezone": "Europe/Paris",
		"label": "CET/CEST",
		"coordinates": {
			"lat": 43.1242,
			"lng": 5.9280
		}
	},
	{
		"id": "grenoble",
		"name": "Grenoble",
		"country": "FR",
		"timezone": "Europe/Paris",
		"label": "CET/CEST",
		"coordinates": {
			"lat": 45.1885,
			"lng": 5.7245
		}
	},
	{
		"id": "dijon",
		"name": "Dijon",
		"country": "FR",
		"timezone": "Europe/Paris",
		"label": "CET/CEST",
		"coordinates": {
			"lat": 47.3220,
			"lng": 5.0415
		}
	},
	{
		"id": "angers",
		"name": "Angers",
		"country": "FR",
		"timezone": "Europe/Paris",
		"label": "CET/CEST",
		"coordinates": {
			"lat": 47.4739,
			"lng": -0.5517
		}
	},
	{
		"id": "villeurbanne",
		"name": "Villeurbanne",
		"country": "FR",
		"timezone": "Europe/Paris",
		"label": "CET/CEST",
		"coordinates": {
			"lat": 45.7719,
			"lng": 4.8902
		}
	}
]