[
	{
		"id": "mumbai",
		"name": "Mumbai",
		"country": "IN",
		"timezone": "Asia/Kolkata",
		"label": "IST",
		"coordinates": {
			"lat": 19.076,
			"lng": 72.8777
		}
	},
	{
		"id": "delhi",
		"name": "Delhi",
		"country": "IN",
		"timezone": "Asia/Kolkata",
		"label": "IST",
		"coordinates": {
			"lat": 28.6139,
			"lng": 77.209
		}
	},
	{
		"id": "bangalore",
		"name": "Bangalore",
		"country": "IN",
		"timezone": "Asia/Kolkata",
		"label": "IST",
		"coordinates": {
			"lat": 12.9716,
			"lng": 77.5946
		}
	},
	{
		"id": "kolkata",
		"name": "Kolkata",
		"country": "IN",
		"timezone": "Asia/Kolkata",
		"label": "IST",
		"coordinates": {
			"lat": 22.5726,
			"lng": 88.3639
		}
	},
	{
		"id": "chennai",
		"name": "Chennai",
		"country": "IN",
		"timezone": "Asia/Kolkata",
		"label": "IST",
		"coordinates": {
			"lat": 13.0827,
			"lng": 80.2707
		}
	},
	{
		"id": "hyderabad",
		"name": "Hyderabad",
		"country": "IN",
		"timezone": "Asia/Kolkata",
		"label": "IST",
		"coordinates": {
			"lat": 17.385,
			"lng": 78.4867
		}
	},
	{
		"id": "pune",
		"name": "Pune",
		"country": "IN",
		"timezone": "Asia/Kolkata",
		"label": "IST",
		"coordinates": {
			"lat": 18.5204,
			"lng": 73.8567
		}
	},
	{
		"id": "ahmedabad",
		"name": "Ahmedabad",
		"country": "IN",
		"timezone": "Asia/Kolkata",
		"label": "IST",
		"coordinates": {
			"lat": 23.0225,
			"lng": 72.5714
		}
	},
	{
		"id": "surat",
		"name": "Surat",
		"country": "IN",
		"timezone": "Asia/Kolkata",
		"label": "IST",
		"coordinates": {
			"lat": 21.1702,
			"lng": 72.8311
		}
	},
	{
		"id": "jaipur",
		"name": "Jaipur",
		"country": "IN",
		"timezone": "Asia/Kolkata",
		"label": "IST",
		"coordinates": {
			"lat": 26.9124,
			"lng": 75.7873
		}
	},
	{
		"id": "lucknow",
		"name": "Lucknow",
		"country": "IN",
		"timezone": "Asia/Kolkata",
		"label": "IST",
		"coordinates": {
			"lat": 26.8467,
			"lng": 80.9462
		}
	},
	{
		"id": "kanpur",
		"name": "Kanpur",
		"country": "IN",
		"timezone": "Asia/Kolkata",
		"label": "IST",
		"coordinates": {
			"lat": 26.4499,
			"lng": 80.3319
		}
	},
	{
		"id": "nagpur",
		"name": "Nagpur",
		"country": "IN",
		"timezone": "Asia/Kolkata",
		"label": "IST",
		"coordinates": {
			"lat": 21.1458,
			"lng": 79.0882
		}
	},
	{
		"id": "indore",
		"name": "Indore",
		"country": "IN",
		"timezone": "Asia/Kolkata",
		"label": "IST",
		"coordinates": {
			"lat": 22.7196,
			"lng": 75.8577
		}
	},
	{
		"id": "thane",
		"name": "Thane",
		"country": "IN",
		"timezone": "Asia/Kolkata",
		"label": "IST",
		"coordinates": {
			"lat": 19.2183,
			"lng": 72.9781
		}
	},
	{
		"id": "bhopal",
		"name": "Bhopal",
		"country": "IN",
		"timezone": "Asia/Kolkata",
		"label": "IST",
		"coordinates": {
			"lat": 23.2599,
			"lng": 77.4126
		}
	},
	{
		"id": "visakhapatnam",
		"name": "Visakhapatnam",
		"country": "IN",
		"timezone": "Asia/Kolkata",
		"label": "IST",
		"coordinates": {
			"lat": 17.6868,
			"lng": 83.2185
		}
	}
]