[
	{
		"code": "GB",
		"name": "United Kingdom",
		"primaryTimezone": "Europe/London"
	},
	{
		"code": "US",
		"name": "United States",
		"primaryTimezone": "America/New_York"
	},
	{
		"code": "JP",
		"name": "Japan",
		"primaryTimezone": "Asia/Tokyo"
	},
	{
		"code": "AE",
		"name": "United Arab Emirates",
		"primaryTimezone": "Asia/Dubai"
	},
	{
		"code": "AU",
		"name": "Australia",
		"primaryTimezone": "Australia/Sydney"
	},
	{
		"code": "TH",
		"name": "Thailand",
		"primaryTimezone": "Asia/Bangkok"
	},
	{
		"code": "SG",
		"name": "Singapore",
		"primaryTimezone": "Asia/Singapore"
	},
	{
		"code": "HK",
		"name": "Hong Kong",
		"primaryTimezone": "Asia/Hong_Kong"
	},
	{
		"code": "FR",
		"name": "France",
		"primaryTimezone": "Europe/Paris"
	},
	{
		"code": "DE",
		"name": "Germany",
		"primaryTimezone": "Europe/Berlin"
	},
	{
		"code": "RU",
		"name": "Russia",
		"primaryTimezone": "Europe/Moscow"
	},
	{
		"code": "CA",
		"name": "Canada",
		"primaryTimezone": "America/Toronto"
	},
	{
		"code": "MX",
		"name": "Mexico",
		"primaryTimezone": "America/Mexico_City"
	},
	{
		"code": "BR",
		"name": "Brazil",
		"primaryTimezone": "America/Sao_Paulo"
	},
	{
		"code": "AR",
		"name": "Argentina",
		"primaryTimezone": "America/Argentina/Buenos_Aires"
	},
	{
		"code": "PE",
		"name": "Peru",
		"primaryTimezone": "America/Lima"
	},
	{
		"code": "CO",
		"name": "Colombia",
		"primaryTimezone": "America/Bogota"
	},
	{
		"code": "CL",
		"name": "Chile",
		"primaryTimezone": "America/Santiago"
	},
	{
		"code": "ES",
		"name": "Spain",
		"primaryTimezone": "Europe/Madrid"
	},
	{
		"code": "IT",
		"name": "Italy",
		"primaryTimezone": "Europe/Rome"
	},
	{
		"code": "NL",
		"name": "Netherlands",
		"primaryTimezone": "Europe/Amsterdam"
	},
	{
		"code": "SE",
		"name": "Sweden",
		"primaryTimezone": "Europe/Stockholm"
	},
	{
		"code": "CH",
		"name": "Switzerland",
		"primaryTimezone": "Europe/Zurich"
	},
	{
		"code": "AT",
		"name": "Austria",
		"primaryTimezone": "Europe/Vienna"
	},
	{
		"code": "TR",
		"name": "Turkey",
		"primaryTimezone": "Europe/Istanbul"
	},
	{
		"code": "GR",
		"name": "Greece",
		"primaryTimezone": "Europe/Athens"
	},
	{
		"code": "PT",
		"name": "Portugal",
		"primaryTimezone": "Europe/Lisbon"
	},
	{
		"code": "IE",
		"name": "Ireland",
		"primaryTimezone": "Europe/Dublin"
	},
	{
		"code": "PL",
		"name": "Poland",
		"primaryTimezone": "Europe/Warsaw"
	},
	{
		"code": "CZ",
		"name": "Czech Republic",
		"primaryTimezone": "Europe/Prague"
	},
	{
		"code": "HU",
		"name": "Hungary",
		"primaryTimezone": "Europe/Budapest"
	},
	{
		"code": "KR",
		"name": "South Korea",
		"primaryTimezone": "Asia/Seoul"
	},
	{
		"code": "CN",
		"name": "China",
		"primaryTimezone": "Asia/Shanghai"
	},
	{
		"code": "IN",
		"name": "India",
		"primaryTimezone": "Asia/Kolkata"
	},
	{
		"code": "ID",
		"name": "Indonesia",
		"primaryTimezone": "Asia/Jakarta"
	},
	{
		"code": "PH",
		"name": "Philippines",
		"primaryTimezone": "Asia/Manila"
	},
	{
		"code": "TW",
		"name": "Taiwan",
		"primaryTimezone": "Asia/Taipei"
	},
	{
		"code": "MY",
		"name": "Malaysia",
		"primaryTimezone": "Asia/Kuala_Lumpur"
	},
	{
		"code": "VN",
		"name": "Vietnam",
		"primaryTimezone": "Asia/Ho_Chi_Minh"
	},
	{
		"code": "BD",
		"name": "Bangladesh",
		"primaryTimezone": "Asia/Dhaka"
	},
	{
		"code": "PK",
		"name": "Pakistan",
		"primaryTimezone": "Asia/Karachi"
	},
	{
		"code": "SA",
		"name": "Saudi Arabia",
		"primaryTimezone": "Asia/Riyadh"
	},
	{
		"code": "IL",
		"name": "Israel",
		"primaryTimezone": "Asia/Jerusalem"
	},
	{
		"code": "EG",
		"name": "Egypt",
		"primaryTimezone": "Africa/Cairo"
	},
	{
		"code": "IR",
		"name": "Iran",
		"primaryTimezone": "Asia/Tehran"
	},
	{
		"code": "IQ",
		"name": "Iraq",
		"primaryTimezone": "Asia/Baghdad"
	},
	{
		"code": "ZA",
		"name": "South Africa",
		"primaryTimezone": "Africa/Johannesburg"
	},
	{
		"code": "NG",
		"name": "Nigeria",
		"primaryTimezone": "Africa/Lagos"
	},
	{
		"code": "KE",
		"name": "Kenya",
		"primaryTimezone": "Africa/Nairobi"
	},
	{
		"code": "NZ",
		"name": "New Zealand",
		"primaryTimezone": "Pacific/Auckland"
	},
	{
		"code": "NO",
		"name": "Norway",
		"primaryTimezone": "Europe/Oslo"
	},
	{
		"code": "DK",
		"name": "Denmark",
		"primaryTimezone": "Europe/Copenhagen"
	},
	{
		"code": "FI",
		"name": "Finland",
		"primaryTimezone": "Europe/Helsinki"
	},
	{
		"code": "BE",
		"name": "Belgium",
		"primaryTimezone": "Europe/Brussels"
	},
	{
		"code": "RO",
		"name": "Romania",
		"primaryTimezone": "Europe/Bucharest"
	},
	{
		"code": "UA",
		"name": "Ukraine",
		"primaryTimezone": "Europe/Kiev"
	},
	{
		"code": "KZ",
		"name": "Kazakhstan",
		"primaryTimezone": "Asia/Almaty"
	},
	{
		"code": "UZ",
		"name": "Uzbekistan",
		"primaryTimezone": "Asia/Tashkent"
	},
	{
		"code": "QA",
		"name": "Qatar",
		"primaryTimezone": "Asia/Qatar"
	},
	{
		"code": "KW",
		"name": "Kuwait",
		"primaryTimezone": "Asia/Kuwait"
	},
	{
		"code": "OM",
		"name": "Oman",
		"primaryTimezone": "Asia/Muscat"
	},
	{
		"code": "LK",
		"name": "Sri Lanka",
		"primaryTimezone": "Asia/Colombo"
	},
	{
		"code": "NP",
		"name": "Nepal",
		"primaryTimezone": "Asia/Kathmandu"
	},
	{
		"code": "MN",
		"name": "Mongolia",
		"primaryTimezone": "Asia/Ulaanbaatar"
	},
	{
		"code": "KH",
		"name": "Cambodia",
		"primaryTimezone": "Asia/Phnom_Penh"
	},
	{
		"code": "LA",
		"name": "Laos",
		"primaryTimezone": "Asia/Vientiane"
	},
	{
		"code": "MM",
		"name": "Myanmar",
		"primaryTimezone": "Asia/Yangon"
	},
	{
		"code": "MA",
		"name": "Morocco",
		"primaryTimezone": "Africa/Casablanca"
	},
	{
		"code": "TN",
		"name": "Tunisia",
		"primaryTimezone": "Africa/Tunis"
	},
	{
		"code": "DZ",
		"name": "Algeria",
		"primaryTimezone": "Africa/Algiers"
	},
	{
		"code": "GH",
		"name": "Ghana",
		"primaryTimezone": "Africa/Accra"
	},
	{
		"code": "TZ",
		"name": "Tanzania",
		"primaryTimezone": "Africa/Dar_es_Salaam"
	},
	{
		"code": "ET",
		"name": "Ethiopia",
		"primaryTimezone": "Africa/Addis_Ababa"
	},
	{
		"code": "UG",
		"name": "Uganda",
		"primaryTimezone": "Africa/Kampala"
	},
	{
		"code": "AO",
		"name": "Angola",
		"primaryTimezone": "Africa/Luanda"
	},
	{
		"code": "CD",
		"name": "Democratic Republic of the Congo",
		"primaryTimezone": "Africa/Kinshasa"
	},
	{
		"code": "CI",
		"name": "Ivory Coast",
		"primaryTimezone": "Africa/Abidjan"
	},
	{
		"code": "SN",
		"name": "Senegal",
		"primaryTimezone": "Africa/Dakar"
	},
	{
		"code": "VE",
		"name": "Venezuela",
		"primaryTimezone": "America/Caracas"
	},
	{
		"code": "CU",
		"name": "Cuba",
		"primaryTimezone": "America/Havana"
	},
	{
		"code": "PA",
		"name": "Panama",
		"primaryTimezone": "America/Panama"
	},
	{
		"code": "PR",
		"name": "Puerto Rico",
		"primaryTimezone": "America/Puerto_Rico"
	},
	{
		"code": "GT",
		"name": "Guatemala",
		"primaryTimezone": "America/Guatemala"
	},
	{
		"code": "CR",
		"name": "Costa Rica",
		"primaryTimezone": "America/Costa_Rica"
	},
	{
		"code": "EC",
		"name": "Ecuador",
		"primaryTimezone": "America/Guayaquil"
	},
	{
		"code": "BO",
		"name": "Bolivia",
		"primaryTimezone": "America/La_Paz"
	},
	{
		"code": "PY",
		"name": "Paraguay",
		"primaryTimezone": "America/Asuncion"
	},
	{
		"code": "UY",
		"name": "Uruguay",
		"primaryTimezone": "America/Montevideo"
	},
	{
		"code": "IS",
		"name": "Iceland",
		"primaryTimezone": "Atlantic/Reykjavik"
	},
	{
		"code": "RS",
		"name": "Serbia",
		"primaryTimezone": "Europe/Belgrade"
	},
	{
		"code": "HR",
		"name": "Croatia",
		"primaryTimezone": "Europe/Zagreb"
	},
	{
		"code": "BG",
		"name": "Bulgaria",
		"primaryTimezone": "Europe/Sofia"
	},
	{
		"code": "GE",
		"name": "Georgia",
		"primaryTimezone": "Asia/Tbilisi"
	},
	{
		"code": "AM",
		"name": "Armenia",
		"primaryTimezone": "Asia/Yerevan"
	},
	{
		"code": "AZ",
		"name": "Azerbaijan",
		"primaryTimezone": "Asia/Baku"
	}
]
